S.No,Name,E-mail-Address,Gender,Technology,Politics,Food,Education,Media,Travel,Medicine,Type
1,Aaron Dyzart,adyzarta@surveymonkey.com,Male,23,78,35,70,46,59,68,3
2,Abel O'Fallon,aofallon1t@xing.com,Male,75,55,90,89,25,4,56,1
3,Abigael Finley,afinley1d@ustream.tv,Female,62,58,60,62,13,18,29,1
4,Ade Poor,apoor22@sina.com.cn,Male,66,39,67,7,22,76,7,5
5,Adrianna Heath,aheath2@yale.edu,Female,34,45,73,78,79,53,13,0
6,Agnese Copestake,acopestake1k@craigslist.org,Female,64,55,78,30,59,87,50,5
7,Agnola Mish,amish15@bbb.org,Female,12,85,55,64,46,57,78,3
8,Ahmad Gibke,agibkeg@japanpost.jp,Male,12,26,93,74,22,27,82,2
9,Ailis O'Brollachain,aobrollachainu@people.com.cn,Female,73,15,84,64,36,27,6,1
10,Alard Idiens,aidiensv@exblog.jp,Male,1,79,5,3,64,19,74,4
11,Alasteir Falloon,afalloon1s@google.com.hk,Male,16,14,89,66,99,37,56,0
12,Aldis Baine,abaineh@accuweather.com,Male,60,52,83,11,57,87,45,5
13,Aldis Shires,ashires0@mlb.com,Male,44,100,17,41,80,70,0,6
14,Alex Sickert,asickert6@google.com.hk,Female,6,87,34,30,99,14,61,4
15,Alexina Brisbane,abrisbaneb@dagondesign.com,Female,12,49,79,65,90,14,6,0
16,Alfie Buttner,abuttnerh@prlog.org,Female,48,73,13,29,72,35,97,4
17,Alfonse Lundon,alundon1y@cyberchimps.com,Male,73,53,92,8,26,62,31,5
18,Algernon Bleakman,ableakman2c@cocolog-nifty.com,Male,28,25,81,87,90,4,21,0
19,Ali Pallister,apallister15@devhub.com,Female,84,28,96,20,56,74,29,5
20,Alicea Vaines,avaines1c@infoseek.co.jp,Female,14,24,97,80,8,37,63,2
21,Alix Kauffman,akauffman2a@wsj.com,Female,0,86,46,25,82,91,28,6
22,Alley Conichie,aconichie1q@gov.uk,Male,34,47,88,70,94,15,8,0
23,Allison Boutwell,aboutwell2c@go.com,Female,27,47,69,95,5,1,63,2
24,Allyson Vaudrey,avaudrey22@gizmodo.com,Female,17,90,24,65,17,9,91,3
25,Alphard Leroux,aleroux27@wix.com,Male,8,80,11,76,23,23,92,3
26,Alvinia Sebastian,asebastian3@sina.com.cn,Female,95,54,77,97,56,12,6,1
27,Alysia Kidstone,akidstone16@oaic.gov.au,Female,48,56,91,93,49,59,95,2
28,Amalie Denk,adenk6@nytimes.com,Female,45,72,3,83,0,16,74,3
29,Ambur Antoniat,aantoniat1e@diigo.com,Female,13,17,74,76,45,47,97,2
30,Anabal Folli,afollil@tmall.com,Female,38,77,6,1,63,89,14,6
31,Anallise Fullstone,afullstone2@who.int,Female,0,81,41,34,89,63,12,6
32,Andee Hartrick,ahartrickw@wikispaces.com,Female,0,100,15,21,94,43,60,4
33,Anders Haggarth,ahaggarth2j@infoseek.co.jp,Male,43,68,22,57,75,11,77,4
34,Andie Schwand,aschwand1h@msu.edu,Female,99,50,97,76,51,33,22,1
35,Andre Sifflett,asifflett1i@bigcartel.com,Male,19,72,32,50,96,92,49,6
36,Andreas Scorthorne,ascorthorne16@bigcartel.com,Male,20,91,7,86,15,36,65,3
37,Andrej Frankowski,afrankowskik@squidoo.com,Male,85,9,64,88,19,46,0,1
38,Andy Justice,ajustice1n@marketwatch.com,Female,84,46,79,34,33,62,42,5
39,Anett Swindle,aswindle2e@squidoo.com,Female,4,33,88,82,99,22,23,0
40,Ange Hake,ahake1r@ovh.net,Male,9,69,2,93,35,9,99,3
41,Angelle Theodoris,atheodoris1f@gov.uk,Female,32,62,48,84,46,46,70,3
42,Annabel Francescozzi,afrancescozzi1b@jimdo.com,Female,69,58,63,86,48,59,48,1
43,Annabelle MacSkeaghan,amacskeaghan1g@cocolog-nifty.com,Female,4,83,42,88,33,8,69,3
44,Antonio Pearton,apearton1v@nba.com,Male,52,58,96,99,85,26,49,0
45,Arabelle Soeiro,asoeiro1m@furl.net,Female,20,65,47,65,23,44,100,3
46,Arch Rouchy,arouchy2h@woothemes.com,Male,44,67,23,37,98,75,59,6
47,Archibold Leuty,aleuty28@state.tx.us,Male,83,52,87,27,22,79,24,5
48,Ardelis Dedenham,adedenhamp@qq.com,Female,46,73,18,10,89,0,63,4
49,Arel Strickett,astricketts@jigsy.com,Male,60,8,77,64,36,41,59,1
50,Ari Northeast,anortheast21@hexun.com,Male,47,91,8,49,71,75,13,6
51,Arie Graham,agrahama@wiley.com,Male,7,90,52,30,99,100,21,6
52,Ariel Mohammad,amohammad6@examiner.com,Male,26,9,94,76,77,10,6,0
53,Armand Farrington,afarrington7@zdnet.com,Male,14,70,26,71,59,13,72,3
54,Arni Shera,ashera1l@clickbank.net,Male,16,92,57,54,71,98,32,6
55,Arny Tebald,atebaldg@uiuc.edu,Male,58,72,21,84,14,57,65,3
56,Art Algore,aalgore12@army.mil,Male,96,47,61,98,52,24,21,1
57,Artemus Mealing,amealingr@upenn.edu,Male,70,59,97,53,37,92,21,5
58,Ashia Sanpher,asanpherq@weibo.com,Female,51,52,76,82,5,31,96,2
59,Ashlee Du Hamel,adu2n@oracle.com,Female,56,79,19,54,61,83,55,6
60,August Bramstom,abramstom2n@blinklist.com,Male,34,54,60,90,33,8,91,2
61,Augustus Ranscombe,aranscombe16@taobao.com,Male,84,58,95,76,13,3,18,1
62,Aurie Watkiss,awatkiss25@163.com,Female,79,23,64,90,8,48,49,1
63,Aurilia Sparhawk,asparhawk2c@oaic.gov.au,Female,97,9,97,9,40,65,41,5
64,Auroora Wombwell,awombwell1s@intel.com,Female,42,64,38,75,57,9,89,3
65,Austine Hammerton,ahammerton12@dagondesign.com,Female,40,56,61,78,47,37,99,2
66,Avigdor Adaway,aadaway22@google.it,Male,56,34,83,93,100,16,17,0
67,Avivah Vernon,avernon1w@ehow.com,Female,40,69,36,6,78,45,88,4
68,Avril Adamson,aadamson18@va.gov,Female,57,62,54,1,65,3,94,4
69,Ax Munkley,amunkley10@amazonaws.com,Male,100,21,73,98,1,5,41,1
70,Baird Bastin,bbastin1e@google.co.jp,Male,82,58,92,60,49,0,56,1
71,Barthel Caiger,bcaigert@blog.com,Male,9,88,48,1,92,68,7,6
72,Bartholomeo Getch,bgetchi@photobucket.com,Male,2,72,25,94,47,41,93,3
73,Bartolemo Kleinhausen,bkleinhausen21@answers.com,Male,47,84,4,64,35,44,89,3
74,Bartram Sigars,bsigars1v@simplemachines.org,Male,13,35,79,90,27,30,89,2
75,Bax Van Daalen,bvanb@java.com,Male,58,68,14,25,96,44,93,4
76,Bealle Speak,bspeak1q@shinystat.com,Male,13,83,50,86,37,52,70,3
77,Beniamino Jurick,bjurick20@home.pl,Male,55,43,70,67,71,48,20,0
78,Benita Kidby,bkidbyl@github.io,Female,24,86,25,12,83,31,92,4
79,Benny Robshaw,brobshaw21@hugedomains.com,Male,45,10,71,77,93,27,47,0
80,Benyamin Willavize,bwillavize25@flavors.me,Male,15,72,36,69,0,17,62,3
81,Bernadene Bute,bbute24@sohu.com,Female,72,25,90,7,40,68,17,5
82,Bernarr Osgar,bosgar25@github.com,Male,22,87,32,59,91,41,68,4
83,Bernie Ruhben,bruhben2i@cmu.edu,Female,10,64,49,3,90,88,56,6
84,Bert Grishanin,bgrishanin2o@goo.ne.jp,Male,53,100,34,33,74,3,66,4
85,Berthe Laker,blaker9@elegantthemes.com,Female,66,35,63,75,11,5,13,1
86,Bertrando Kensett,bkensett1i@howstuffworks.com,Male,100,40,96,88,3,34,21,1
87,Berty Ferrillio,bferrillio1u@scribd.com,Male,93,13,78,72,47,45,47,1
88,Betta Musterd,bmusterd27@wikispaces.com,Female,68,32,82,100,15,52,29,1
89,Betti Crat,bcraty@twitter.com,Female,42,80,36,21,78,85,20,6
90,Beverlee Hamblin,bhamblin1m@furl.net,Female,49,38,87,96,93,4,33,0
91,Beverley Sleigh,bsleigh1v@who.int,Female,25,77,30,44,81,6,90,4
92,Bianka Sadler,bsadler1r@ezinearticles.com,Female,98,2,98,62,9,59,46,1
93,Bili Ewbanks,bewbanks1f@howstuffworks.com,Female,16,86,1,3,92,6,88,4
94,Billie Hastin,bhastin1a@opensource.org,Male,86,18,69,23,18,77,13,5
95,Billie Ortmann,bortmann1y@latimes.com,Female,68,43,88,79,0,39,58,1
96,Birk Fiddyment,bfiddyment2k@uiuc.edu,Male,43,95,43,75,24,10,66,3
97,Blondell Nehl,bnehl2a@aboutads.info,Female,78,58,98,5,15,87,55,5
98,Bobby Joly,bjolyy@bloglines.com,Male,73,46,79,63,54,28,10,1
99,Bobbye Sommerly,bsommerlyc@ustream.tv,Female,17,68,30,29,79,39,87,4
100,Bondie Renish,brenish23@wiley.com,Male,22,94,40,32,63,24,95,4
101,Bondon Ransom,bransom13@blog.com,Male,37,35,86,81,68,50,28,0
102,Bonny Flooks,bflooks2p@vk.com,Female,16,73,47,47,74,63,39,6
103,Boone Cowie,bcowie10@ca.gov,Male,44,53,97,94,12,24,98,2
104,Boone Garnul,bgarnuln@google.de,Male,38,60,31,16,96,83,54,6
105,Boris Fidgin,bfidgin13@ca.gov,Male,24,82,6,43,81,53,91,4
106,Boycey Coote,bcoote2e@msu.edu,Male,75,2,82,66,53,54,32,1
107,Brandi Tollemache,btollemachej@dedecms.com,Female,29,37,63,88,22,35,61,2
108,Brandise Wyles,bwylesb@amazon.com,Female,79,24,63,41,22,63,22,5
109,Bridget Labbe,blabbe2f@nsw.gov.au,Female,43,90,38,77,36,59,96,3
110,Brinna Gratton,bgrattonx@stumbleupon.com,Female,27,93,49,69,39,13,76,3
111,Britta Healings,bhealings11@unblog.fr,Female,56,27,77,90,57,55,85,2
112,Brody Steedman,bsteedman19@bizjournals.com,Male,31,23,75,66,100,1,34,0
113,Brok Weaben,bweaben2p@reverbnation.com,Male,56,69,56,24,98,27,67,4
114,Bron Milbourne,bmilbourne1g@omniture.com,Male,47,0,60,67,93,57,47,0
115,Bronny Oldman,boldmanj@sitemeter.com,Male,53,68,31,15,83,88,35,6
116,Bronson Shergill,bshergill1o@unicef.org,Male,93,21,68,75,36,27,40,1
117,Bryon Babbidge,bbabbidge21@huffingtonpost.com,Male,55,67,49,31,75,17,73,4
118,Bud Pleasance,bpleasance10@51.la,Male,39,16,76,88,78,58,1,0
119,Buddy Dutchburn,bdutchburn24@csmonitor.com,Male,17,2,97,74,65,1,49,0
120,Burg Corradino,bcorradino12@naver.com,Male,88,6,66,6,14,86,24,5
121,Burgess Maasz,bmaasz7@zdnet.com,Male,14,95,37,45,97,74,35,6
122,Burgess Quinton,bquinton0@amazon.co.jp,Male,23,75,13,44,75,9,84,4
123,Burl Colthard,bcolthard3@wikia.com,Male,60,44,89,37,33,99,21,5
124,Burt Dingivan,bdingivanp@dailymotion.com,Male,95,38,91,9,46,87,48,5
125,Byram Brizland,bbrizland1m@cpanel.net,Male,26,75,24,44,82,80,10,6
126,Calley Bulloch,cbulloch1j@rambler.ru,Female,27,14,94,95,57,25,81,2
127,Calypso Lyard,clyard20@si.edu,Female,44,74,50,20,94,93,46,6
128,Carin Stringman,cstringman1d@webs.com,Female,47,77,51,79,53,52,62,3
129,Carleton Payler,cpayler1s@utexas.edu,Male,9,17,62,68,53,53,67,2
130,Carmelina Michel,cmichel1e@unesco.org,Female,20,70,44,89,35,6,69,3
131,Carole Fagg,cfagg7@imgur.com,Female,49,1,75,91,67,53,8,0
132,Carri Pittle,cpittle3@china.com.cn,Female,57,94,33,95,59,43,70,3
133,Cass MacClancey,cmacclancey1t@google.es,Male,55,70,14,9,75,67,41,6
134,Catie O'Doohaine,codoohaine2f@ted.com,Female,47,80,21,41,98,100,0,6
135,Catlee Levinge,clevinge8@ovh.net,Female,49,31,95,94,69,2,26,0
136,Cecil Moline,cmoline1v@t.co,Male,65,18,62,79,15,39,7,1
137,Cecily Doreward,cdoreward1d@weibo.com,Female,45,40,95,82,98,57,27,0
138,Ced Hovie,chovie2g@facebook.com,Male,53,19,80,94,36,55,75,2
139,Celisse McAndrew,cmcandrew1a@chronoengine.com,Female,74,36,67,90,21,2,6,1
140,Chaddie Quail,cquail2a@sciencedaily.com,Male,55,17,71,90,31,45,71,2
141,Chadwick Fishlock,cfishlock2a@arstechnica.com,Male,30,75,23,69,53,28,97,3
142,Chanda Mouget,cmouget8@topsy.com,Female,62,48,74,46,20,95,0,5
143,Charmain Dewer,cdewer1j@usda.gov,Female,64,31,83,55,35,92,56,5
144,Charmine Agott,cagott2l@paypal.com,Female,59,65,45,82,16,8,95,3
145,Charyl Raynard,craynardu@github.io,Female,19,65,59,96,20,16,90,3
146,Chelsey Toulch,ctoulchi@is.gd,Female,7,32,61,93,59,37,71,2
147,Chelsie Suttie,csuttie5@illinois.edu,Female,14,72,52,44,91,86,55,6
148,Chiarra Rangell,crangell20@addtoany.com,Female,5,87,59,59,71,2,100,4
149,Chrisse Reolfi,creolfi1e@bluehost.com,Male,48,12,72,92,92,37,34,0
150,Christiana Faraday,cfaraday24@is.gd,Female,25,97,40,68,40,46,86,3
151,Christoper Grunbaum,cgrunbaum11@sciencedirect.com,Male,90,50,95,11,43,87,38,5
152,Christophorus Quick,cquick2c@yandex.ru,Male,51,62,44,100,25,32,94,3
153,Christophorus Trask,ctraskf@cisco.com,Male,51,37,78,61,91,6,25,0
154,Chrystal Waight,cwaight27@foxnews.com,Female,24,52,61,93,33,28,96,2
155,Ciel Treagus,ctreagusz@smugmug.com,Female,91,5,89,82,51,57,3,1
156,Cinderella Christie,cchristie2o@tmall.com,Female,4,4,95,70,98,6,1,0
157,Ciro Hartell,chartellf@ocn.ne.jp,Male,46,60,49,56,67,55,96,4
158,Claiborn Speere,cspeere1m@desdev.cn,Male,90,49,91,32,15,76,42,5
159,Clair Bavin,cbavint@about.com,Male,42,37,91,60,65,39,49,0
160,Clara Gilling,cgilling29@mit.edu,Female,11,16,76,99,94,54,26,0
161,Clarey Daines,cdaines3@fc2.com,Female,34,28,78,69,48,25,61,2
162,Clari Pobjay,cpobjay20@bizjournals.com,Female,71,27,97,97,15,37,13,1
163,Clarita Amort,camort20@slate.com,Female,23,79,36,81,5,58,94,3
164,Clifford Camps,ccamps18@mediafire.com,Male,75,42,82,70,59,10,30,1
165,Cloris Bilbey,cbilbey1p@google.com,Female,25,5,75,64,80,8,1,0
166,Constantin Cubitt,ccubittx@examiner.com,Male,55,94,54,42,76,58,96,4
167,Consuelo Luckwell,cluckwell7@clickbank.net,Female,96,56,92,0,2,66,12,5
168,Corabel Harbert,charbert1c@usatoday.com,Female,60,48,98,40,8,100,53,5
169,Cordie Wildish,cwildish24@cbsnews.com,Female,57,67,31,15,99,49,84,4
170,Corella Newsham,cnewsham2k@nhs.uk,Female,26,45,78,98,93,41,54,0
171,Cornell Muglestone,cmuglestone1c@nsw.gov.au,Male,52,81,18,10,77,58,68,4
172,Corrie Ponting,cponting21@netvibes.com,Male,90,7,77,50,33,70,30,5
173,Courtney Treske,ctreskej@topsy.com,Male,48,98,18,71,38,21,60,3
174,Crawford Heinicke,cheinicke28@issuu.com,Male,21,75,17,58,97,46,67,4
175,Cristin Marns,cmarnsx@oakley.com,Female,89,10,85,94,48,34,29,1
176,Crosby Buckberry,cbuckberry11@va.gov,Male,57,77,19,96,10,6,68,3
177,Cullen Fathers,cfatherst@google.nl,Male,13,70,20,69,14,42,66,3
178,Currie Coultous,ccoultous1r@squidoo.com,Male,69,33,100,34,42,93,51,5
179,Cybil Newburn,cnewburne@jalbum.net,Female,32,96,29,32,97,79,0,6
180,Cybil Yerlett,cyerlett2o@ed.gov,Female,62,13,77,12,18,100,50,5
181,Cybill Etchell,cetchelle@so-net.ne.jp,Female,24,90,24,83,23,10,73,3
182,Cynthy Orviss,corviss1w@netvibes.com,Female,46,37,96,64,79,8,26,0
183,Cyrus Royse,croyse2@odnoklassniki.ru,Male,19,97,45,87,17,32,70,3
184,Dallon O'Hegertie,dohegertie1p@imageshack.us,Male,14,51,74,90,28,51,78,2
185,Dallon Searle,dsearlee@biblegateway.com,Male,57,96,26,44,76,34,73,4
186,Dalton Mc Comb,dmca@craigslist.org,Male,9,57,82,98,12,59,93,2
187,Dania Ben,dben2f@amazon.co.jp,Female,93,27,84,44,41,82,27,5
188,Dante Burrus,dburrusf@businesswire.com,Male,2,45,79,93,3,12,94,2
189,Danya Beadham,dbeadham13@amazon.de,Male,67,13,84,13,9,60,30,5
190,Darbee Owain,dowain1b@jimdo.com,Male,24,94,26,42,98,16,83,4
191,Darda Toohey,dtoohey29@goodreads.com,Female,35,82,34,61,24,15,94,3
192,Darrell Ivakhno,divakhno2m@linkedin.com,Male,1,90,35,36,70,92,34,6
193,Darren Brion,dbriong@barnesandnoble.com,Male,3,23,79,66,83,33,58,0
194,Darsey Rowlatt,drowlattf@blog.com,Female,89,31,60,55,17,100,11,5
195,Daryn Gorden,dgorden1x@pagesperso-orange.fr,Female,19,77,34,74,38,19,91,3
196,Daune Chat,dchat8@over-blog.com,Female,1,86,10,25,77,87,17,6
197,Davidde Tuberfield,dtuberfield1i@europa.eu,Male,60,49,77,7,35,63,51,5
198,Davy Dempsey,ddempsey1l@bizjournals.com,Male,32,8,95,60,52,7,83,2
199,Deanna Veysey,dveysey2@topsy.com,Female,75,56,94,3,35,71,48,5
200,Dee Kennady,dkennady5@opensource.org,Female,73,32,85,23,3,70,44,5
201,Del Smithen,dsmithenv@hc360.com,Male,57,64,44,85,29,6,62,3
202,Delaney Kerss,dkerss2m@ebay.co.uk,Male,23,63,24,68,19,21,75,3
203,Delphine Luttger,dluttger1y@icio.us,Female,45,47,92,87,2,27,69,2
204,Denna Timmes,dtimmes1f@google.com,Female,99,6,75,27,34,69,24,5
205,Dennet Sangra,dsangra26@washingtonpost.com,Male,11,80,1,70,42,10,73,3
206,Derry Allsup,dallsup2o@accuweather.com,Male,2,98,12,66,22,4,99,3
207,Devinne Bellchamber,dbellchamber2i@wordpress.com,Female,67,38,88,98,33,49,34,1
208,Devlen Lambden,dlambdeno@nih.gov,Male,50,71,21,97,21,28,86,3
209,Devonne Bearsmore,dbearsmore1@wikia.com,Female,77,42,83,71,22,33,56,1
210,Dewitt Wallhead,dwallheadm@boston.com,Male,96,35,95,74,41,21,26,1
211,Diana Denekamp,ddenekampk@bbb.org,Female,49,83,42,2,78,86,13,6
212,Dido Doogood,ddoogood2k@tuttocitta.it,Female,57,97,11,32,83,65,52,6
213,Dionysus Ferri,dferri1g@alibaba.com,Male,81,5,96,54,34,86,8,5
214,Dniren Ledur,dledur1a@ftc.gov,Female,38,27,78,94,34,52,79,2
215,Dolorita Yuranovev,dyuranovevg@weibo.com,Female,35,83,54,19,87,68,51,6
216,Dolph Ogley,dogleyo@independent.co.uk,Male,22,97,14,15,84,94,43,6
217,Dominick Caple,dcaple1n@huffingtonpost.com,Male,84,16,73,86,39,30,11,1
218,Donia Machans,dmachans1z@dailymail.co.uk,Female,84,48,85,32,56,87,56,5
219,Donnamarie Leving,dlevings@nba.com,Female,23,41,68,73,92,24,27,0
220,Dorotea Konmann,dkonmann9@rediff.com,Female,85,48,88,19,20,98,56,5
221,Doroteya Burnhams,dburnhams12@spotify.com,Female,46,61,22,91,47,11,95,3
222,Dorthy Watmore,dwatmore24@a8.net,Female,71,22,60,61,42,22,41,1
223,Drucie Lawey,dlawey22@oakley.com,Female,26,41,90,85,15,46,67,2
224,Drucie Perche,dperche4@hubpages.com,Female,93,23,67,87,55,35,51,1
225,Drugi Bletsor,dbletsor1x@xinhuanet.com,Male,29,92,3,5,71,40,67,4
226,Dulcea Janusz,djanuszx@marketwatch.com,Female,17,87,0,47,61,85,44,6
227,Dunc Grainge,dgrainge2e@independent.co.uk,Male,63,35,80,53,20,70,34,5
228,Duncan Crawshay,dcrawshay18@vimeo.com,Male,3,9,95,88,79,29,20,0
229,Dyane Rutt,druttr@163.com,Female,6,58,99,91,98,57,11,0
230,Ealasaid Gabbatiss,egabbatiss2e@jiathis.com,Female,40,68,49,49,75,52,84,4
231,Eb Glencros,eglencrosp@hao123.com,Male,63,43,81,70,31,17,59,1
232,Ebonee Bulleyn,ebulleyn2r@istockphoto.com,Female,45,94,34,57,68,97,7,6
233,Edgar Nossent,enossent27@technorati.com,Male,63,40,76,42,39,75,49,5
234,Edgardo Jeste,ejeste2d@etsy.com,Male,85,10,82,51,29,91,41,5
235,Edlin Newham,enewham1z@comcast.net,Male,2,74,53,11,65,35,85,4
236,Eimile Aspland,easpland2p@techcrunch.com,Female,41,0,90,82,54,1,95,2
237,Elayne Dunlop,edunlop7@cornell.edu,Female,19,43,80,98,12,0,75,2
238,Eleanora Stowell,estowell1c@nature.com,Female,35,47,80,82,85,0,31,0
239,Elissa Brosel,ebroselm@ifeng.com,Female,19,58,70,80,100,1,8,0
240,Elwin Gerrans,egerrans1w@ebay.com,Male,38,23,91,98,53,29,85,2
241,Elwira Bluck,ebluck1v@dot.gov,Female,56,68,45,99,56,16,90,3
242,Emelda Masseo,emasseot@facebook.com,Female,73,1,100,61,52,37,37,1
243,Emera Inde,eindef@microsoft.com,Female,88,52,85,76,27,4,36,1
244,Emmet Caldero,ecalderof@xinhuanet.com,Male,45,64,52,94,49,32,95,3
245,Emmett Jarrett,ejarrett1i@forbes.com,Male,42,64,40,12,67,33,77,4
246,Emmy Fenge,efenge1e@tuttocitta.it,Female,71,41,90,31,41,96,52,5
247,Eolanda Luberti,eluberti2q@scribd.com,Female,8,86,32,8,93,90,51,6
248,Erhard Heinrich,eheinrichk@yellowpages.com,Male,16,22,94,74,71,38,5,0
249,Ermina Brownfield,ebrownfieldx@washingtonpost.com,Female,17,59,69,84,63,42,13,0
250,Ernestus Colnet,ecolnetk@auda.org.au,Male,69,17,71,47,50,81,49,5
251,Ervin Blackborn,eblackborn5@icio.us,Male,18,62,5,46,90,11,66,4
252,Esdras Ferrone,eferrone26@msn.com,Male,95,9,61,17,14,71,50,5
253,Esme Lindholm,elindholm2q@amazon.de,Female,38,81,14,79,24,38,71,3
254,Esme Traise,etraise2q@ameblo.jp,Female,1,100,25,25,91,8,81,4
255,Ezechiel Murdy,emurdy1k@about.com,Male,36,67,7,46,72,90,43,6
256,Fae Van Leijs,fvan2j@cdc.gov,Female,38,48,82,74,24,20,93,2
257,Faith Jaffra,fjaffra9@harvard.edu,Female,47,81,2,77,26,27,66,3
258,Fania Dibnah,fdibnah1w@over-blog.com,Female,65,58,81,73,35,38,36,1
259,Fannie Le Provest,fle1s@ifeng.com,Female,1,95,14,58,79,58,96,4
260,Farley Trevino,ftrevino16@geocities.jp,Male,4,96,22,45,79,63,19,6
261,Felike Sharpe,fsharpe1w@examiner.com,Male,98,8,93,13,38,81,42,5
262,Fern Halt,fhalt1p@sbwire.com,Female,33,89,15,43,96,77,36,6
263,Filmore Jerisch,fjerisch2d@ow.ly,Male,58,97,1,86,15,52,83,3
264,Findlay Cavy,fcavy26@123-reg.co.uk,Male,20,78,59,9,89,98,22,6
265,Fleming Jantel,fjantel4@tripod.com,Male,56,94,22,21,67,45,95,4
266,Flore Pratty,fpratty4@amazon.com,Female,8,10,93,87,72,29,57,0
267,Fonsie MacColl,fmaccoll1w@mac.com,Male,1,69,23,84,15,43,91,3
268,Fowler Tock,ftock14@tripod.com,Male,74,6,78,68,54,46,16,1
269,Francisca Warrell,fwarrell21@hc360.com,Female,99,46,89,77,4,52,17,1
270,Franklyn Merrison,fmerrisons@columbia.edu,Male,76,52,82,0,52,61,28,5
271,Frederigo Appleford,fappleford1t@usda.gov,Male,56,75,35,89,30,39,77,3
272,Fredrick Dicks,fdicks2n@fotki.com,Male,58,6,66,87,70,19,29,0
273,Fremont Ploughwright,fploughwright19@samsung.com,Male,93,8,98,29,12,89,53,5
274,Gardner Matuszinski,gmatuszinskim@t-online.de,Male,5,65,37,84,41,11,90,3
275,Garret Whenham,gwhenham1p@lycos.com,Male,3,68,19,76,29,39,96,3
276,Gaspard Hawtin,ghawtin26@house.gov,Male,80,44,82,87,50,13,21,1
277,Gauthier Danett,gdanett10@spotify.com,Male,83,17,64,25,40,61,4,5
278,Genevieve Karolowski,gkarolowski0@google.es,Female,6,75,7,76,2,30,83,3
279,Gerardo Rimell,grimell1h@rambler.ru,Male,74,6,85,31,19,71,10,5
280,Gerek Wehnerr,gwehnerr18@scribd.com,Male,35,90,29,94,42,53,100,3
281,Germaine Metzing,gmetzing2r@lycos.com,Female,15,65,55,99,46,14,65,3
282,Gerry Chettle,gchettle1z@house.gov,Male,72,13,83,84,26,7,38,1
283,Giacobo Andreou,gandreou1z@mozilla.com,Male,53,12,76,91,48,43,89,2
284,Gifford Forseith,gforseith1r@quantcast.com,Male,58,11,68,99,71,24,0,0
285,Gilda Farmiloe,gfarmiloe0@behance.net,Female,57,50,83,88,71,10,19,0
286,Glen Woolacott,gwoolacott2f@printfriendly.com,Female,84,32,61,78,36,45,28,1
287,Gordie Billo,gbilloz@wunderground.com,Male,10,45,82,63,78,49,33,0
288,Grace Hellwing,ghellwing2f@scribd.com,Male,34,17,98,95,76,52,8,0
289,Granthem Brasseur,gbrasseur20@csmonitor.com,Male,94,35,60,10,23,85,41,5
290,Granthem Wildblood,gwildblood2m@amazon.co.uk,Male,80,47,94,47,43,67,4,5
291,Grover Sisneros,gsisneros2o@google.ru,Male,53,84,5,20,68,87,44,6
292,Grover Thickin,gthickinv@nature.com,Male,1,89,57,49,82,94,30,6
293,Gun Everill,geverill2n@freewebs.com,Male,85,54,95,84,37,49,30,1
294,Gus Libby,glibbyi@opera.com,Female,12,41,70,70,94,47,29,0
295,Gustaf Choake,gchoake2j@smugmug.com,Male,94,41,72,84,15,38,46,1
296,Gustaf Paulisch,gpaulisch1b@youtu.be,Male,34,69,22,7,66,67,13,6
297,Gustie Pedracci,gpedracci2q@lulu.com,Female,67,37,88,95,34,9,7,1
298,Guthrey Koppens,gkoppenso@over-blog.com,Male,89,4,91,22,45,93,29,5
299,Gwennie Cervantes,gcervantesc@ft.com,Female,35,81,50,0,94,72,58,6
300,Gwennie Tolemache,gtolemache12@answers.com,Female,51,79,10,57,94,79,38,6
301,Hale D'Alesio,hdalesio1z@goo.gl,Male,18,26,75,81,69,48,2,0
302,Halli Milsom,hmilsomv@dmoz.org,Female,3,33,72,72,23,4,66,2
303,Halsey Beardall,hbeardall2h@alibaba.com,Male,15,66,8,17,89,4,85,4
304,Ham Rivallant,hrivallant1d@printfriendly.com,Male,46,84,35,14,100,14,69,4
305,Hamid Escalante,hescalante5@fotki.com,Male,31,61,13,67,0,40,84,3
306,Hamlen Genny,hgenny1l@geocities.com,Male,18,27,65,99,67,14,32,0
307,Hannie Tomashov,htomashovo@upenn.edu,Female,31,45,83,63,90,5,46,0
308,Harald Poulett,hpoulett1i@google.nl,Male,42,75,23,87,15,27,82,3
309,Harley Manktelow,hmanktelowk@google.de,Male,10,60,52,98,4,54,91,3
310,Harper Wilflinger,hwilflinger11@adobe.com,Male,28,71,42,21,68,20,98,4
311,Harriette Durbin,hdurbin1t@berkeley.edu,Female,4,26,100,97,40,37,91,2
312,Harrison Aherne,haherne23@admin.ch,Male,48,74,14,61,48,1,78,3
313,Hartwell Greenin,hgreenin18@psu.edu,Male,59,85,10,51,79,70,15,6
314,Hastie Corless,hcorless1a@simplemachines.org,Male,16,99,18,8,88,40,92,4
315,Hedwig Tacey,htaceyb@shutterfly.com,Female,59,79,20,6,63,86,29,6
316,Helaine Easthope,heasthope2j@huffingtonpost.com,Female,85,29,93,46,28,77,53,5
317,Hercule Carleman,hcarleman8@redcross.org,Male,87,34,97,79,37,24,39,1
318,Hervey Buddock,hbuddocky@google.com.au,Male,29,21,99,71,89,46,26,0
319,Hewett O'Cleary,hoclearyp@liveinternet.ru,Male,46,25,67,86,85,15,18,0
320,Hildagarde O'Connolly,hoconnolly1f@github.com,Female,9,16,79,90,28,20,95,2
321,Hildegaard Gregorio,hgregorioq@wp.com,Female,90,37,85,89,46,36,21,1
322,Hilliard Fontel,hfontel1u@howstuffworks.com,Male,26,94,19,80,19,40,78,3
323,Holli Dove,hdove1n@furl.net,Female,7,53,69,83,77,46,27,0
324,Hollie Benny,hbenny1b@sbwire.com,Female,58,68,35,63,49,57,75,3
325,Hollie Smallbone,hsmallboneu@vk.com,Female,64,37,62,53,58,91,19,5
326,Holmes Wetheril,hwetheril23@networksolutions.com,Male,66,53,79,4,5,85,38,5
327,Homer Celiz,hceliz1v@salon.com,Male,31,63,16,35,75,78,55,6
328,Horton Glowacz,hglowaczk@ted.com,Male,38,10,88,77,18,59,81,2
329,Huberto Duckering,hduckering2d@vinaora.com,Male,46,44,86,71,55,37,65,2
330,Hugibert Stainland,hstainland2l@aboutads.info,Male,17,92,37,35,87,66,48,6
331,Humbert Elcum,helcumu@smh.com.au,Male,50,9,89,90,61,38,45,0
332,Humfried Scroggins,hscroggins1x@aol.com,Male,44,88,58,13,89,73,24,6
333,Hyacinthia Heaton,hheatonc@youtu.be,Female,75,29,89,20,27,70,27,5
334,Idalia Harce,iharcej@vimeo.com,Female,2,46,61,71,96,8,43,0
335,Idelle Jarrold,ijarrold2n@go.com,Female,52,76,5,82,20,10,61,3
336,Ikey Portman,iportman2j@usatoday.com,Male,3,74,17,91,2,10,85,3
337,Ina Bailles,ibailles24@shop-pro.jp,Female,15,91,6,50,77,96,32,6
338,Indira Mitton,imitton2b@nature.com,Female,6,70,39,50,78,75,45,6
339,Isadora Billson,ibillsonc@mediafire.com,Female,30,63,40,61,19,27,87,3
340,Isiahi Sawforde,isawforde2a@berkeley.edu,Male,22,44,77,91,68,40,35,0
341,Isidore Rigmond,irigmondp@etsy.com,Male,16,82,20,61,48,48,60,3
342,Ivie Bellis,ibellisy@exblog.jp,Female,11,95,14,99,53,42,76,3
343,Jacinta Pointing,jpointingt@skyrock.com,Female,96,31,83,57,20,96,4,5
344,Jacklin Bim,jbim1g@artisteer.com,Female,24,29,89,67,33,32,99,2
345,Jacky Goroni,jgoroni2g@barnesandnoble.com,Male,41,93,36,100,13,43,85,3
346,Jamal Radband,jradband1@harvard.edu,Male,6,22,67,87,41,12,68,2
347,Jamill Bellson,jbellson1y@flickr.com,Male,29,84,14,20,71,36,74,4
348,Janie Iacovone,jiacovone26@paginegialle.it,Female,18,91,51,19,72,41,93,4
349,Janka Seagrove,jseagrove2j@hp.com,Female,59,0,75,73,89,39,15,0
350,Janos Gazzard,jgazzard15@webmd.com,Male,41,58,70,72,35,26,77,2
351,Janos McQuorkell,jmcquorkell29@mozilla.org,Male,43,80,47,7,75,92,3,6
352,Jarrett Risman,jrisman4@acquirethisname.com,Male,52,88,3,47,68,61,56,6
353,Jaymie Weight,jweight2n@google.fr,Male,70,1,80,28,25,91,37,5
354,Jeanna Esgate,jesgate1i@wikispaces.com,Female,25,53,71,70,19,9,85,2
355,Jeanna Lanktree,jlanktree1x@t-online.de,Female,36,39,71,82,26,56,67,2
356,Jeniece Hamer,jhamera@homestead.com,Female,99,51,81,4,16,90,33,5
357,Jermain Coveley,jcoveleyo@accuweather.com,Male,45,45,62,75,59,43,68,2
358,Jermaine Bulpitt,jbulpittd@boston.com,Female,43,32,61,70,51,20,92,2
359,Jermayne Shardlow,jshardlow22@networkadvertising.org,Male,99,33,63,96,3,22,49,1
360,Jerrie Hamerton,jhamerton7@disqus.com,Female,74,1,99,60,42,1,33,1
361,Jervis Glencrash,jglencrashn@bing.com,Male,47,85,23,100,24,54,74,3
362,Jessamyn Pennuzzi,jpennuzzi2b@soundcloud.com,Female,41,43,90,100,61,44,27,0
363,Jeth Harrold,jharrold27@bigcartel.com,Male,20,84,37,55,66,47,99,4
364,Jillayne Kendal,jkendald@about.com,Female,57,80,7,57,69,15,98,4
365,Jillie Mufford,jmufford1a@cocolog-nifty.com,Female,0,78,2,43,89,96,37,6
366,Jo Towler,jtowler17@amazon.com,Male,97,36,100,49,54,82,22,5
367,Jo-anne Andraud,jandraud1o@vimeo.com,Female,13,53,65,64,13,49,60,2
368,Jo-anne Dracksford,jdracksfordb@narod.ru,Female,52,81,38,82,45,3,80,3
369,Joeann Monkley,jmonkley4@arizona.edu,Female,25,3,90,77,45,10,75,2
370,Joellen D'Alesio,jdalesio6@dell.com,Female,47,12,91,72,39,6,98,2
371,Johan Tattam,jtattamm@cyberchimps.com,Male,56,76,48,15,98,18,61,4
372,Johnathon Linforth,jlinforthu@elpais.com,Male,58,23,98,91,25,19,87,2
373,Joice Fourman,jfourman1x@amazonaws.com,Female,90,25,67,92,8,28,20,1
374,Jorey Simek,jsimek1b@amazon.co.uk,Female,33,29,96,91,66,58,37,0
375,Josephina Bargery,jbargery1p@163.com,Female,91,17,62,60,43,2,1,1
376,Joycelin Limpertz,jlimpertz2g@washingtonpost.com,Female,86,15,98,23,56,65,4,5
377,Juan Plowes,jplowes2n@tripadvisor.com,Male,30,91,59,41,99,24,75,4
378,Juan Troak,jtroaky@eventbrite.com,Male,35,2,97,69,0,57,100,2
379,Jule Dumbellow,jdumbellow2j@nsw.gov.au,Male,48,79,30,55,98,77,19,6
380,Julissa Eloi,jeloi2c@patch.com,Female,20,87,45,28,96,69,51,6
381,Julita Blazic,jblazic2b@rakuten.co.jp,Female,44,97,36,97,2,6,81,3
382,June Tunbridge,jtunbridge2d@i2i.jp,Female,67,27,88,98,44,19,11,1
383,Kamilah Lefever,klefever27@w3.org,Female,15,71,12,24,74,64,18,6
384,Kare McCuffie,kmccuffie7@springer.com,Female,37,92,18,10,93,50,86,4
385,Karel Sibly,ksibly2g@acquirethisname.com,Female,37,17,88,73,64,27,47,0
386,Karen Casetti,kcasetti2e@sciencedaily.com,Female,58,87,48,65,28,33,61,3
387,Karen Kaspar,kkaspar2c@ucoz.com,Female,34,73,42,3,69,20,92,4
388,Kari Hazeltine,khazeltine1s@mapquest.com,Female,15,60,44,33,100,100,54,6
389,Kari Niesing,kniesing1c@icq.com,Female,53,84,22,79,18,13,75,3
390,Karna Ciobutaru,kciobutaru15@parallels.com,Female,24,77,13,41,86,9,86,4
391,Karoly Buffin,kbuffinb@webeden.co.uk,Female,6,41,76,82,1,16,99,2
392,Karoly Cotilard,kcotilardl@google.ca,Female,59,79,8,78,47,28,91,3
393,Karoly MacDowal,kmacdowalf@a8.net,Female,4,92,55,52,72,69,28,6
394,Katheryn Cornejo,kcornejo1a@pcworld.com,Female,24,59,100,85,67,50,38,0
395,Katine Cubley,kcubleyw@tamu.edu,Female,52,68,35,77,59,3,97,3
396,Katine Curtin,kcurtin14@ehow.com,Female,55,73,35,67,20,44,85,3
397,Katya Kollasch,kkollasch1f@imageshack.us,Female,20,29,87,68,64,16,45,0
398,Kean Cowley,kcowley26@posterous.com,Male,57,58,69,70,31,4,77,2
399,Keelia Wooder,kwooderj@wisc.edu,Female,12,76,24,18,89,6,61,4
400,Kelila Huggett,khuggetta@dagondesign.com,Female,46,61,14,22,78,3,98,4
401,Kellen Shelbourne,kshelbourne2f@google.com.br,Male,51,98,22,58,85,43,65,4
402,Khalil Higgan,khiggan2g@arstechnica.com,Male,87,6,97,70,6,48,16,1
403,Kiley Coon,kcoon1s@tripadvisor.com,Male,90,20,67,19,43,75,42,5
404,Kiley Klimp,kklimp1d@deliciousdays.com,Male,87,46,70,13,20,65,43,5
405,Kimberlee MacKaig,kmackaig2@i2i.jp,Female,100,12,98,100,40,30,10,1
406,Kinny Raitie,kraitie1q@alibaba.com,Male,95,50,65,97,20,12,1,1
407,Kirby Faustian,kfaustian1e@blogspot.com,Male,40,65,59,23,73,82,6,6
408,Kissee Brun,kbrun3@uol.com.br,Female,54,0,78,92,89,17,32,0
409,Kit Sprakes,ksprakes2d@sciencedirect.com,Male,38,30,79,86,91,43,50,0
410,Korey Jarrard,kjarrard2b@chronoengine.com,Male,13,65,52,43,61,50,65,4
411,Kylie Puttergill,kputtergill2o@sina.com.cn,Female,52,39,98,68,52,19,82,2
412,Kylila Grund,kgrund1v@com.com,Female,88,20,92,44,56,90,54,5
413,Lammond Pifford,lpifford14@biblegateway.com,Male,45,90,20,18,92,31,63,4
414,Lamont Hinsch,lhinschi@tripadvisor.com,Male,47,89,28,30,75,24,60,4
415,Laurie Berringer,lberringer2b@dmoz.org,Male,72,32,94,32,5,70,19,5
416,Laurie Morrid,lmorrid17@goo.gl,Female,15,52,60,63,3,57,65,2
417,Lavina Andrat,landratl@aboutads.info,Female,61,26,62,46,8,76,59,5
418,Lee Puffett,lpuffett1u@walmart.com,Female,29,85,14,10,99,84,56,6
419,Lee Reedick,lreedick10@jigsy.com,Male,12,99,19,33,97,21,84,4
420,Leeann Gullan,lgullan1t@answers.com,Female,15,71,18,56,87,16,78,4
421,Leesa Albery,lalbery6@tripadvisor.com,Female,69,50,80,99,23,45,22,1
422,Lela Laughnan,llaughnan9@forbes.com,Female,8,1,76,85,23,17,92,2
423,Lemuel Daniellot,ldaniellot2q@washington.edu,Male,92,20,94,24,16,70,10,5
424,Lenka Dundendale,ldundendale2m@csmonitor.com,Female,0,96,37,15,96,49,68,4
425,Leopold Spurdens,lspurdens0@histats.com,Male,75,57,83,90,36,6,28,1
426,Les Stansby,lstansby14@netvibes.com,Male,55,28,62,94,10,21,73,2
427,Les Wormleighton,lwormleighton1x@census.gov,Male,33,52,80,78,75,30,15,0
428,Letti Benion,lbenion1i@google.com.au,Female,29,25,73,85,60,4,49,0
429,Lewie Degoe,ldegoe13@theglobeandmail.com,Male,11,65,29,75,24,25,88,3
430,Lewiss Kilian,lkilian1o@php.net,Male,33,74,6,66,57,22,77,3
431,Liana Lait,llait2r@pinterest.com,Female,86,36,71,15,14,79,55,5
432,Libbie Luff,lluff1n@mozilla.com,Female,36,75,7,29,95,99,19,6
433,Lillis Dennison,ldennisone@ft.com,Female,94,45,96,29,55,100,23,5
434,Lily Nowland,lnowland1u@theguardian.com,Female,21,14,61,94,5,54,78,2
435,Lin Fetter,lfettern@npr.org,Male,5,94,43,14,89,42,87,4
436,Lind Yakovitch,lyakovitch28@51.la,Male,52,0,69,90,74,34,23,0
437,Lindsay Hirche,lhirche2e@salon.com,Female,45,58,68,99,38,29,85,2
438,Lita Rentilll,lrentilllr@youtube.com,Female,91,48,62,65,15,35,28,1
439,Livvie Goomes,lgoomes1u@360.cn,Female,34,77,32,32,91,25,65,4
440,Llywellyn Limmer,llimmerp@china.com.cn,Male,41,95,16,33,86,90,21,6
441,Lon Wulfinger,lwulfinger2p@kickstarter.com,Male,27,22,66,75,80,11,14,0
442,Lorens O'Loughlin,loloughlin2r@mayoclinic.com,Male,28,25,85,94,59,28,71,2
443,Lorenzo Heliet,lhelietr@abc.net.au,Male,48,71,55,78,45,44,73,3
444,Lucian Bingham,lbingham20@amazon.co.uk,Male,0,25,60,91,50,25,84,2
445,Lucienne Oldroyd,loldroydh@ning.com,Female,58,1,94,92,82,34,39,0
446,Lucila Hargate,lhargateb@dedecms.com,Female,80,0,63,100,39,15,48,1
447,Lucita Bennellick,lbennellick1w@paypal.com,Female,58,91,36,22,67,83,18,6
448,Lynsey Allin,lallin2b@discuz.net,Female,82,11,91,98,51,24,39,1
449,Mabel Boule,mboulez@freewebs.com,Female,19,87,10,46,70,98,52,6
450,Maddalena Couche,mcouche9@opensource.org,Female,7,61,8,10,90,69,35,6
451,Madelene Shevell,mshevell23@cloudflare.com,Female,58,41,60,68,76,20,50,0
452,Mag Moreland,mmorelande@ehow.com,Female,13,26,63,78,50,34,75,2
453,Malissa Rochelle,mrochelleo@fda.gov,Female,8,86,43,27,97,13,68,4
454,Mallissa Scutter,mscutter1o@technorati.com,Female,64,39,62,51,37,85,48,5
455,Mar Kubalek,mkubalek17@rambler.ru,Male,43,94,24,24,68,92,1,6
456,Margarette Capponeer,mcapponeer2b@nhs.uk,Female,10,24,63,86,27,51,61,2
457,Margeaux Melling,mmelling14@posterous.com,Female,97,58,88,49,39,95,39,5
458,Marianne Wessell,mwesselld@360.cn,Female,54,95,33,65,51,6,69,3
459,Marieann Clitsome,mclitsome23@ustream.tv,Female,38,16,84,69,6,16,64,2
460,Marina Lenthall,mlenthallp@ameblo.jp,Female,3,41,62,96,58,31,88,2
461,Mariquilla Swarbrick,mswarbrickd@ask.com,Female,98,55,87,37,53,92,7,5
462,Markos Spark,mspark9@springer.com,Male,50,11,99,88,83,53,2,0
463,Marleen Robelet,mrobelet1b@youtube.com,Female,77,25,83,27,3,94,29,5
464,Marlene Cosgrive,mcosgrivei@army.mil,Female,89,17,94,68,4,49,35,1
465,Martainn Thys,mthys1h@myspace.com,Male,7,71,24,49,64,55,79,4
466,Martguerita Wilsone,mwilsone2p@ft.com,Female,55,94,53,100,2,6,77,3
467,Marven Polle,mpolle1t@weather.com,Male,76,26,90,21,33,94,49,5
468,Marvin Scammonden,mscammondenj@live.com,Male,62,58,87,65,38,7,56,1
469,Maryl Middlemass,mmiddlemass25@mapy.cz,Female,12,15,80,73,70,48,27,0
470,Matilde Alenov,malenov26@moonfruit.com,Female,4,44,75,74,71,4,4,0
471,Matthaeus Doull,mdoull2o@histats.com,Male,91,32,88,62,5,21,10,1
472,Maury Riep,mriep1h@un.org,Male,11,83,3,66,21,1,75,3
473,Maybelle Mosco,mmosco25@hugedomains.com,Female,29,57,87,81,58,59,62,2
474,Meggie Winchcum,mwinchcum1z@feedburner.com,Female,53,83,16,2,98,93,47,6
475,Melina McElrath,mmcelrath1@cmu.edu,Female,40,69,52,7,88,13,60,4
476,Melvyn Folcarelli,mfolcarelli2h@4shared.com,Male,72,25,82,77,28,10,12,1
477,Melvyn Stentiford,mstentiford28@xinhuanet.com,Male,8,88,19,74,10,21,72,3
478,Merrily Hamber,mhamber1o@fc2.com,Female,4,54,68,97,68,53,53,0
479,Merwyn Fullilove,mfullilove29@elpais.com,Male,63,40,94,61,58,7,9,1
480,Micah Dragoe,mdragoez@home.pl,Male,59,90,45,0,75,32,66,4
481,Mick Cray,mcrayw@sourceforge.net,Male,61,46,74,16,45,81,9,5
482,Mike Bolton,mboltonu@istockphoto.com,Male,10,97,59,55,93,78,29,6
483,Mildrid Pingston,mpingston1f@cbc.ca,Female,40,64,4,29,92,81,30,6
484,Milzie Street,mstreet1y@imgur.com,Female,31,8,60,68,63,0,3,0
485,Minna Gland,mgland1k@wikispaces.com,Female,55,93,20,77,48,57,70,3
486,Mira Malyon,mmalyon2i@google.co.jp,Female,14,80,35,39,63,20,66,4
487,Mirabel Babcock,mbabcock1c@flickr.com,Female,58,99,22,38,91,96,31,6
488,Mischa Souza,msouza15@bloglovin.com,Male,84,50,90,76,22,0,41,1
489,Mischa Starie,mstarie2h@diigo.com,Male,34,32,76,78,60,44,52,0
490,Monah Raoux,mraoux2k@youtu.be,Female,25,22,86,78,9,42,82,2
491,Morissa Endley,mendleyh@cdbaby.com,Female,56,93,26,6,60,99,35,6
492,Morse Powney,mpowney2r@facebook.com,Male,4,95,45,1,84,40,76,4
493,Mortie Durak,mdurakl@altervista.org,Male,8,33,62,92,37,35,67,2
494,Moshe Bransdon,mbransdon1k@elegantthemes.com,Male,81,17,83,97,47,0,44,1
495,Moyra Nelm,mnelm0@icq.com,Female,83,4,95,42,23,96,34,5
496,Murray Wildor,mwildor2h@ask.com,Male,33,65,2,63,49,51,76,3
497,My Eglese,meglesen@slashdot.org,Male,85,43,95,5,55,90,20,5
498,Myranda Barabisch,mbarabischm@apple.com,Female,4,91,50,22,64,93,15,6
499,Myrtia Willgrass,mwillgrass1u@nyu.edu,Female,11,30,61,73,82,12,17,0
500,Nalani Anselm,nanselm1q@mlb.com,Female,51,4,87,73,14,38,86,2
501,Nancee Penhallurick,npenhallurick13@nydailynews.com,Female,79,54,69,70,56,52,41,1
502,Nanine Vesty,nvesty1t@artisteer.com,Female,57,6,63,69,69,45,12,0
503,Nanni Creenan,ncreenan1y@tiny.cc,Female,52,66,59,80,20,7,81,3
504,Napoleon Rawll,nrawll1h@sourceforge.net,Male,9,47,98,93,48,44,63,2
505,Nataline Tomley,ntomley15@yelp.com,Female,17,14,65,74,63,20,0,0
506,Natty Matheson,nmatheson1f@newsvine.com,Female,93,20,99,84,22,59,53,1
507,Neal Downe,ndowne1l@arstechnica.com,Male,29,99,25,5,78,8,76,4
508,Neale Trimming,ntrimming1u@yelp.com,Male,87,12,96,33,17,74,14,5
509,Nev Hebdon,nhebdon2k@vinaora.com,Male,80,20,91,67,34,45,16,1
510,Newton Coxen,ncoxenq@list-manage.com,Male,49,65,42,37,99,23,68,4
511,Newton Lawless,nlawless5@technorati.com,Male,45,39,80,85,47,53,100,2
512,Niall Warder,nwarder1d@hhs.gov,Male,30,92,34,44,69,63,26,6
513,Nicky Peasey,npeasey16@theatlantic.com,Female,96,27,88,34,25,65,29,5
514,Nicolis Lockyear,nlockyear2l@mit.edu,Male,28,76,47,53,72,13,73,4
515,Niels Dugall,ndugall14@artisteer.com,Male,45,8,83,87,76,51,53,0
516,Ninette Baldin,nbaldin21@zdnet.com,Female,3,20,60,94,51,43,65,2
517,Ninnetta Criple,ncriple23@acquirethisname.com,Female,44,82,14,9,90,75,12,6
518,Ninnette Butchard,nbutchardy@nps.gov,Female,35,65,41,18,70,7,88,4
519,Nora Fishwick,nfishwick19@hexun.com,Female,66,21,65,91,1,25,45,1
520,Normie Hefferon,nhefferon1z@bbb.org,Male,17,66,21,63,43,57,85,3
521,Norrie Andrichuk,nandrichukg@mtv.com,Female,64,20,89,24,38,83,55,5
522,North Harkins,nharkins5@seesaa.net,Male,27,0,69,87,65,36,25,0
523,Nydia Quinnell,nquinnell28@phpbb.com,Female,20,90,32,51,80,89,46,6
524,Ofelia Clamp,oclamph@tmall.com,Female,0,93,2,79,32,14,79,3
525,Ogdon Kuhlen,okuhlen0@mozilla.com,Male,38,26,77,91,39,1,70,2
526,Olenolin Lindenfeld,olindenfelds@devhub.com,Male,46,62,33,66,42,59,87,3
527,Olin Juszczak,ojuszczak24@cafepress.com,Male,51,28,86,99,45,7,83,2
528,Olivie Ickovits,oickovits1l@umn.edu,Female,65,54,60,47,43,93,4,5
529,Olvan Coutthart,ocoutthart29@blinklist.com,Male,2,62,54,31,76,31,98,4
530,Olympe Donaher,odonaherr@cam.ac.uk,Female,52,69,6,7,87,48,89,4
531,Orbadiah Espinola,oespinola1j@census.gov,Male,4,89,3,5,84,14,100,4
532,Osborn Nelissen,onelissen1n@uol.com.br,Male,10,45,72,94,59,50,75,2
533,Otha Troucher,otroucher1o@foxnews.com,Female,59,73,43,50,78,96,13,6
534,Otto Blackham,oblackhamj@fotki.com,Male,70,23,99,22,0,77,54,5
535,Paquito Ewan,pewan1k@hatena.ne.jp,Male,32,95,22,14,79,28,95,4
536,Patrick Banes,pbanes17@vimeo.com,Male,15,28,67,81,91,35,34,0
537,Patsy Lamping,plampingk@nytimes.com,Female,25,92,29,44,66,48,70,4
538,Pavla Morsom,pmorsom1l@behance.net,Female,97,35,70,90,13,58,46,1
539,Penelopa Tubbs,ptubbs1a@wp.com,Female,43,96,30,84,7,23,92,3
540,Perla Cabena,pcabena1@com.com,Female,50,49,60,100,99,16,49,0
541,Peta Baselli,pbaselli2k@nba.com,Female,15,79,7,57,65,41,93,4
542,Peterus Rait,prait29@craigslist.org,Male,100,56,64,27,0,83,53,5
543,Petrina Gilbert,pgilbert1j@nih.gov,Female,79,41,99,67,41,39,37,1
544,Phaedra Blanket,pblanketq@scientificamerican.com,Female,28,93,54,15,84,75,38,6
545,Phedra Shepherd,pshepherd2r@marriott.com,Female,54,20,100,87,83,30,46,0
546,Phelia Stuckes,pstuckes1j@artisteer.com,Female,46,46,91,81,76,27,7,0
547,Phillis Ties,pties25@blogspot.com,Female,28,79,24,38,74,67,26,6
548,Porty Harsum,pharsum8@dot.gov,Male,14,100,20,5,68,47,67,4
549,Poul Sergeant,psergeantt@europa.eu,Male,5,31,93,97,10,55,67,2
550,Prentice Mille,pmille1g@google.com,Male,71,45,96,68,12,30,10,1
551,Prissie Wyeth,pwyeth11@wsj.com,Female,70,30,90,95,49,7,23,1
552,Rafaello Winkle,rwinkle29@artisteer.com,Male,18,16,77,85,5,48,82,2
553,Rafi Crosgrove,rcrosgrove18@t-online.de,Male,61,20,100,56,4,67,38,5
554,Randee Tarbath,rtarbath1j@sphinn.com,Female,33,62,26,69,38,27,100,3
555,Randolph Kinsell,rkinsell1h@gmpg.org,Male,8,49,66,66,73,49,0,0
556,Raye Kerfut,rkerfut2q@ameblo.jp,Female,33,24,96,97,46,10,86,2
557,Raynell McNirlin,rmcnirlinn@exblog.jp,Female,64,12,87,88,7,6,47,1
558,Read Bridgens,rbridgensu@businessinsider.com,Male,43,67,24,21,63,57,77,4
559,Rebecka Ferraron,rferraron1k@tripadvisor.com,Female,31,6,84,85,72,20,22,0
560,Reed Pilger,rpilger2i@angelfire.com,Male,39,48,79,99,73,12,54,0
561,Reggis Medcalf,rmedcalf1@mtv.com,Male,48,61,15,52,97,64,27,6
562,Reinold McIlrath,rmcilrathr@angelfire.com,Male,2,13,61,74,29,47,60,2
563,Retha Phlipon,rphlipon22@ocn.ne.jp,Female,51,66,3,24,83,96,16,6
564,Rhetta Ambrodi,rambrodiz@cbc.ca,Female,48,43,63,67,48,33,72,2
565,Rhoda Emmison,remmison1d@discuz.net,Female,12,58,88,93,41,10,66,2
566,Riannon Cortnay,rcortnay28@stumbleupon.com,Female,67,21,97,92,8,17,0,1
567,Ringo Tabbitt,rtabbittz@networkadvertising.org,Male,14,87,37,87,29,59,83,3
568,Roanna Nowill,rnowill2@guardian.co.uk,Female,47,18,91,82,44,1,61,2
569,Robbyn Dubois,rduboiso@mtv.com,Female,63,37,93,78,17,27,22,1
570,Rogerio Dineges,rdinegess@desdev.cn,Male,12,35,91,69,28,19,76,2
571,Rollin McAreavey,rmcareavey2l@statcounter.com,Male,52,48,93,98,5,21,67,2
572,Roma Rippen,rrippen1q@opera.com,Male,12,84,11,24,74,56,90,4
573,Romola Pressey,rpressey12@diigo.com,Female,37,43,93,91,69,19,57,0
574,Ronny Follin,rfollin10@digg.com,Male,57,96,35,81,3,23,66,3
575,Rosana Hubbert,rhubbertw@ycombinator.com,Female,29,29,96,67,1,53,75,2
576,Royce Robjohns,rrobjohns2i@nps.gov,Male,1,54,61,61,32,43,85,2
577,Rustie Godehard.sf,rgodehardsfs@marketwatch.com,Male,40,89,51,31,73,62,5,6
578,Ruthanne Radbourne,rradbourne2h@archive.org,Female,81,17,70,34,47,62,54,5
579,Rutherford Hexter,rhexter1@phpbb.com,Male,93,51,77,45,51,68,52,5
580,Ruthie O'Currigan,rocurriganq@shop-pro.jp,Female,90,29,97,24,29,91,59,5
581,Rutledge Alekhov,ralekhov3@yahoo.co.jp,Male,17,99,53,42,90,8,76,4
582,Sallie Norrie,snorriew@yale.edu,Female,45,45,74,86,87,19,19,0
583,Sally Ceresa,sceresa1p@msu.edu,Female,85,19,85,12,49,63,22,5
584,Sara-ann Stivey,sstivey2g@foxnews.com,Female,51,83,28,2,62,44,72,4
585,Saraann Normansell,snormansell4@mediafire.com,Female,85,46,77,11,40,68,4,5
586,Saunderson Sweetenham,ssweetenham1p@jimdo.com,Male,11,84,25,30,76,23,62,4
587,Saundra Malia,smalia17@time.com,Male,63,16,62,93,28,34,28,1
588,Saundra Valenta,svalenta4@tumblr.com,Male,52,70,18,89,20,34,82,3
589,Saw Mannering,smannering2f@cdbaby.com,Male,25,18,84,91,12,50,75,2
590,Saxon Grosier,sgrosier2l@toplist.cz,Male,49,40,65,74,97,13,52,0
591,Sayre Shreeves,sshreeves1m@msu.edu,Male,77,11,88,98,1,55,18,1
592,Sean Leist,sleist2g@example.com,Female,24,60,16,16,77,64,23,6
593,Selby Hixson,shixson1l@webs.com,Male,51,71,10,98,17,49,90,3
594,Selena Kleszinski,skleszinski1c@nih.gov,Female,72,59,95,70,0,4,51,1
595,Seward Towsie,stowsiei@thetimes.co.uk,Male,62,41,76,42,14,85,15,5
596,Seymour Haken,shaken16@mozilla.org,Male,32,62,36,40,91,12,97,4
597,Shae Headech,sheadech2p@geocities.com,Male,98,59,92,81,21,31,20,1
598,Shanan Scintsbury,sscintsbury2h@patch.com,Male,37,1,60,65,9,36,92,2
599,Shanna Kennady,skennady1r@china.com.cn,Female,26,64,5,49,90,42,98,4
600,Sharia Reinbach,sreinbach1x@4shared.com,Female,92,55,72,24,14,94,48,5
601,Sheffy Burgane,sburganed@blog.com,Male,22,81,57,25,76,87,22,6
602,Sheilah Kisbee,skisbeee@soup.io,Female,10,36,100,67,82,12,1,0
603,Shel Chastagnier,schastagnierh@craigslist.org,Female,91,50,92,70,54,17,30,1
604,Shepperd Lansley,slansley1r@list-manage.com,Male,11,12,65,60,13,59,83,2
605,Sheridan Hannan,shannan11@technorati.com,Male,7,64,14,23,60,66,28,6
606,Sherlock Gadaud,sgadaud1n@studiopress.com,Male,32,78,57,76,58,20,77,3
607,Sherri Scoyne,sscoyne1h@engadget.com,Female,1,92,15,51,62,94,9,6
608,Sherry Dowry,sdowryv@utexas.edu,Female,83,53,64,95,31,41,6,1
609,Sib Underdown,sunderdown19@europa.eu,Female,56,68,26,72,24,2,88,3
610,Sibbie Preshaw,spreshawl@godaddy.com,Female,65,20,93,72,36,35,31,1
611,Sibella Climance,sclimance2m@patch.com,Female,55,24,78,78,94,41,16,0
612,Sibelle Vaz,svaz19@java.com,Female,23,77,5,9,78,68,55,6
613,Siegfried Swains,sswains6@themeforest.net,Male,49,85,20,42,84,88,57,6
614,Silva Pennicott,spennicott2l@feedburner.com,Female,76,34,96,4,55,89,58,5
615,Silvia Roubert,sroubertl@sphinn.com,Female,56,28,68,85,78,43,38,0
616,Slade Simione,ssimionec@123-reg.co.uk,Male,64,48,86,84,34,2,23,1
617,Smitty Furminger,sfurmingerq@nba.com,Male,57,33,67,81,74,48,38,0
618,Sonnie Lympany,slympany19@ibm.com,Male,9,33,71,63,55,5,99,2
619,Stafani Strand,sstrand13@arizona.edu,Female,29,43,81,64,16,4,92,2
620,Steffen Flay,sflay1q@telegraph.co.uk,Male,48,92,33,18,92,97,19,6
621,Stevy Smithe,ssmithe15@trellian.com,Male,13,98,6,3,67,76,33,6
622,Susi Bridgwood,sbridgwood17@diigo.com,Female,1,64,57,2,61,48,93,4
623,Susie Ellingworth,sellingworth1s@indiegogo.com,Female,74,50,85,82,19,11,47,1
624,Sutherlan Cane,scane2r@google.fr,Male,72,16,87,73,44,32,44,1
625,Sydney Rustan,srustanv@washingtonpost.com,Male,70,36,76,16,4,70,2,5
626,Sylvia Spilsbury,sspilsburyw@walmart.com,Female,88,51,61,70,53,6,46,1
627,Symon Scholtis,sscholtis2c@dedecms.com,Male,75,53,70,61,58,21,20,1
628,Tabbatha Gummer,tgummery@dmoz.org,Female,78,39,83,11,56,62,51,5
629,Tabby Dutch,tdutch1n@dagondesign.com,Female,57,64,39,22,78,13,100,4
630,Taber Nezey,tnezeyv@imdb.com,Male,4,45,77,89,64,29,50,0
631,Tad MacRury,tmacruryz@skyrock.com,Male,62,5,87,24,22,85,1,5
632,Tait Essberger,tessberger28@chicagotribune.com,Male,13,53,88,85,50,32,96,2
633,Tamas Bertenshaw,tbertenshaw1k@canalblog.com,Male,58,3,78,86,57,58,62,2
634,Tamera Quaife,tquaife1b@miitbeian.gov.cn,Female,40,2,66,79,13,34,70,2
635,Tamqrah Eades,teadesd@virginia.edu,Female,2,18,72,95,76,27,24,0
636,Tania Wardale,twardale2p@cnbc.com,Female,64,54,72,59,32,85,0,5
637,Tarrah Andor,tandorw@nifty.com,Female,3,95,58,29,96,99,51,6
638,Tasha Checcucci,tcheccucci1o@hubpages.com,Female,45,71,29,48,78,21,61,4
639,Tate Jamieson,tjamieson1m@wix.com,Female,19,62,6,14,69,55,82,4
640,Teodorico Barbier,tbarbierx@bloglines.com,Male,3,7,95,92,52,44,96,2
641,Terri Friday,tfridaym@ucla.edu,Female,71,38,68,29,16,79,54,5
642,Terrill Dougliss,tdougliss19@indiatimes.com,Male,24,91,31,31,81,31,94,4
643,Tersina Gut,tgut2m@ning.com,Female,85,14,71,81,7,6,5,1
644,Tessie Munson,tmunson12@feedburner.com,Female,52,98,38,2,65,22,83,4
645,Tessy Hovee,thoveem@admin.ch,Female,12,19,100,66,17,37,65,2
646,Therese Walden,twalden17@is.gd,Female,54,74,28,84,54,45,89,3
647,Therine Hadley,thadleys@tinyurl.com,Female,39,86,45,22,79,13,80,4
648,Thibaut Wattingham,twattingham18@trellian.com,Male,44,25,70,66,57,39,62,2
649,Thorpe Guinness,tguinness1g@si.edu,Male,20,87,36,34,98,11,92,4
650,Tiler Grinsdale,tgrinsdale27@sciencedirect.com,Male,54,16,80,80,63,15,34,0
651,Timoteo Humbey,thumbeyx@baidu.com,Male,62,29,95,25,40,99,23,5
652,Tine Wiggin,twiggin2k@yahoo.com,Female,77,8,81,19,19,85,55,5
653,Titos Drakers,tdrakers1g@comsenz.com,Male,51,62,53,20,92,72,24,6
654,Tobiah Vasnev,tvasnevh@prlog.org,Male,56,20,97,76,21,42,93,2
655,Tomi Kikke,tkikke1m@icio.us,Female,44,27,81,65,32,11,86,2
656,Tommy Gillinghams,tgillinghams10@google.ca,Female,51,88,27,21,86,93,42,6
657,Torry Sjollema,tsjollema13@psu.edu,Male,3,98,0,22,72,61,37,6
658,Tove Benaine,tbenaine14@edublogs.org,Female,34,62,48,6,82,67,32,6
659,Tristam Merwede,tmerwede2@army.mil,Male,34,76,7,27,98,39,89,4
660,Trudey Voase,tvoaseg@webeden.co.uk,Female,45,70,42,59,93,24,73,4
661,Trula Blazevic,tblazevicd@ustream.tv,Female,72,55,93,89,56,30,3,1
662,Tully Presnail,tpresnail2q@weebly.com,Male,55,48,62,68,91,29,18,0
663,Twila Bartell,tbartelln@surveymonkey.com,Female,23,57,98,83,0,42,79,2
664,Tyler Clyde,tclyde1r@globo.com,Male,51,86,7,41,61,97,35,6
665,Udell Maestrini,umaestrini2d@youtube.com,Male,4,61,14,42,74,65,43,6
666,Ulises Semerad,usemerada@chicagotribune.com,Male,62,9,96,69,43,32,7,1
667,Umeko Ferran,uferran1q@gov.uk,Female,100,42,86,25,48,88,36,5
668,Valdemar Bairstow,vbairstow2d@tamu.edu,Male,56,75,58,20,86,15,77,4
669,Valentine Bessant,vbessant3@nyu.edu,Male,6,62,33,32,78,86,36,6
670,Valida Jaspar,vjaspar1y@blinklist.com,Female,20,94,16,45,83,65,58,6
671,Valina O'Kenny,vokenny8@vistaprint.com,Female,55,7,63,66,36,52,99,2
672,Valma Billson,vbillson11@wsj.com,Female,47,0,62,84,98,59,28,0
673,Vasili Holme,vholme25@si.edu,Male,84,1,96,26,28,86,35,5
674,Vasily M'Chirrie,vmchirrie6@indiegogo.com,Male,64,40,65,52,32,63,48,5
675,Veradis Berendsen,vberendsenc@google.nl,Female,30,36,100,97,66,46,31,0
676,Verena Shelbourne,vshelbourne2a@time.com,Female,59,60,37,20,83,59,87,4
677,Vevay Queripel,vqueripel2m@toplist.cz,Female,49,20,77,99,53,21,86,2
678,Vitia Castilljo,vcastilljo2l@shinystat.com,Female,67,22,87,87,20,30,15,1
679,Vonny Baxter,vbaxtera@ucla.edu,Female,23,40,67,83,74,37,19,0
680,Wallie Corser,wcorser2a@walmart.com,Male,75,36,74,99,11,33,6,1
681,Warner Kiessel,wkiesselr@skyrock.com,Male,39,84,46,33,87,79,50,6
682,Waverly Kobisch,wkobisch22@state.tx.us,Male,48,86,25,11,80,26,76,4
683,Wells Ruddick,wruddick23@icq.com,Male,84,21,86,84,7,30,7,1
684,West Pack,wpack5@loc.gov,Male,98,15,62,80,27,8,37,1
685,Whit Piatkowski,wpiatkowski1j@china.com.cn,Male,3,73,20,15,93,65,32,6
686,Wildon Fitzroy,wfitzroy1@springer.com,Male,1,76,1,92,24,42,72,3
687,Wilow Fidock,wfidocke@bizjournals.com,Female,60,10,82,85,57,35,47,1
688,Winni Danhel,wdanheln@posterous.com,Female,16,58,83,97,91,42,33,0
689,Witty Bartolic,wbartolic9@tripadvisor.com,Male,14,71,42,52,73,5,74,4
690,Wolf Gregore,wgregoreg@weather.com,Male,85,48,97,67,39,42,11,1
691,Wye Dixson,wdixsonq@nydailynews.com,Male,44,82,58,71,14,33,69,3
692,Wynn Ablett,wabletti@latimes.com,Female,17,100,48,17,80,80,54,6
693,Wynne Oseland,woselandt@mozilla.com,Female,8,82,49,5,92,15,70,4
694,Xylia Kordovani,xkordovani1e@constantcontact.com,Female,18,82,2,17,60,21,64,4
695,Yetty Kaplan,ykaplan2e@comcast.net,Female,43,60,12,3,77,63,56,6
696,Yolande Allwell,yallwell2i@cisco.com,Female,5,86,21,66,12,27,94,3
697,Yuma Tregear,ytregearc@163.com,Male,0,45,74,100,40,5,93,2
698,Yurik Megroff,ymegroff16@digg.com,Male,18,28,66,67,61,25,21,0
699,Zackariah Ciobutaru,zciobutaru8@myspace.com,Male,59,66,38,100,1,0,86,3
700,Zarla Tilliards,ztilliards2i@economist.com,Female,72,28,80,28,22,98,59,5